<?xml version="1.0" encoding="UTF-8"?>
<xml-body>
<configuration>
	<settings>
		<setting name="logImpl" value="LOG4J"/>
	</settings>
	<environments default="mysql">
		<environment id="mysql">
			<transactionManager type="JDBC"/>
			<properties resource="db.properties"/>
			<dataSource type="POOLED">
				<property name="driver" value="${driver}"/>
				<property name="url" value="${url}"/>
				<property name="username" value="${username}"/>
				<property name="password" value="${password}"/>
			</dataSource>
		</environment>
	</environments>
	<mappers>
		<package name="Mapper"/>  
	</mappers>
</configuration>
</xml-body>
